<?xml version="1.0" encoding="UTF-8"?>
<configuration>

    <!--로그 파일 저장 위치-->
    <property name="LOG_PATH" value="${user.dir}/logs"/>
    <property name="LOG_FILE_NAME" value="demo"/>
    <!--property name="LOG_PATTERN" value="[%d{yyyyMMdd HH:mm:ss:SSS}] [%-5level] [%thread] [%logger{40}] - %msg%n"/-->
    <property name="LOG_PATTERN" value="[%d{yyyyMMdd HH:mm:ss:SSS}][%-5level][%logger{40}] %msg%n"/>
    <property name="LOG_LEVEL" value="info"/>

    <appender name="CONSOLE" class="ch.qos.logback.core.ConsoleAppender">
        <encoder class="ch.qos.logback.classic.encoder.PatternLayoutEncoder">
            <Pattern>${LOG_PATTERN}</Pattern>
        </encoder>
    </appender>

    <appender name="FILE" class="ch.qos.logback.core.rolling.RollingFileAppender">
        <!-- 파일 경로 설정 -->
        <file>${LOG_PATH}/${LOG_FILE_NAME}.log</file>
        <!-- 출력패턴 설정-->
        <encoder class="ch.qos.logback.classic.encoder.PatternLayoutEncoder">
            <pattern>${LOG_PATTERN}</pattern>
        </encoder>
        <!-- Rolling 정책 -->
        <rollingPolicy class="ch.qos.logback.core.rolling.TimeBasedRollingPolicy">
            <fileNamePattern>${LOG_PATH}/%d{yyyy-MM, aux}/${LOG_FILE_NAME}.%d{yyyy-MM-dd}.log</fileNamePattern>
            <!-- 일자별 로그파일 최대 보관주기(~일), 해당 설정일 이상된 파일은 자동으로 제거-->
            <!-- <maxHistory>30</maxHistory> -->
            <!-- 로그 파일 최대 보관 크기. 최대 크기를 초과하면 가장 오래된 로그 자동 제거 -->
            <totalSizeCap>2GB</totalSizeCap>
        </rollingPolicy>
    </appender>

    <root level="${LOG_LEVEL}">
        <appender-ref ref="CONSOLE" />
        <appender-ref ref="FILE" />
    </root>


</configuration>